<?xml version="1.0" encoding="UTF-8"?>
<!DOCTYPE suite SYSTEM "https://testng.org/testng-1.0.dtd" >
<suite name="testng" verbose="1" allow-return-values="true">
	<test name="testng">
		<classes>

			<class name="tests.login.LoginTest" />

			<class name="tests.admin.AdminAddRecordTest"/>

			<class name="tests.admin.AdminSearchRecordTest"/>

			<class name="tests.admin.AdminDeleteRecordTest" />

			<class name="tests.pim.PIMAddRecordTest" />

			<class name="tests.pim.PIMSearchRecordTest"/>

			<class name="tests.pim.PIMDeleteRecordTest" />

		</classes>
	</test>
</suite>