{
	"elements": {
		"pimPage": "xpath->//h6[text()[normalize-space()='PIM']]",
		"EmployeeName_Hints": "xpath->//label[text()[normalize-space()='Employee Name']]/parent::div/following-sibling::div//child::input[contains(@placeholder,'hints')]",
		"EmployeeName_HintsList": "xpath->",
		"EmployeeID_TxtBox": "xpath->",
		"EmploymentStatus_DropDown": "xpath->",
		"EmploymentStatus_DropDownList": "xpath->",
		"Include_DropDown": "xpath->",
		"Include_DropDownList": "xpath->",
		"SupervisorName_Hints": "xpath->",
		"SupervisorName_HintsList": "xpath->",
		"JobTitle_DropDown": "xpath->",
		"JobTitle_DropDownList": "xpath->",
		"SubUnit_DropDown": "xpath->",
		"SubUnit_DropDownList": "xpath->",
		"Search_Button": "xpath->//button[text()[normalize-space() = 'Search']]",
		"Reset_Butoon": "xpath->//button[text()[normalize-space() = 'Reset']]",
		"Add_Button": "xpath->//button[text()[normalize-space() = 'Add']]",
		"Checkbox_Button": "xpath->//div[@class='oxd-table-card-cell-checkbox']/div[@class='oxd-checkbox-wrapper']",
		"Delete_Button": "xpath->//button[text()[normalize-space() = 'Delete Selected']]",
		"DeleteButtonPopup": "xpath->//button[text()[normalize-space() = 'Yes, Delete']]",
		"FirstName_TxtBox": "xpath->//input[@name='firstName']",
		"MiddleName_TxtBox": "xpath->//input[@name='middleName']",
		"LastName_TxtBox": "xpath->//input[@name='lastName']",
		"CreateLoginDetails_CheckBox": "xpath->//input[@type='checkbox']/following-sibling::span",
		"UserName_TxtBox": "xpath->//label[text()[normalize-space()='Username']]/parent::div/following-sibling::div/input",
		"Password_TxtBox": "xpath->//label[text()[normalize-space()='Password']]/parent::div/following-sibling::div/input",
		"ConfirmPassword_TxtBox": "xpath->//label[text()[normalize-space()='Confirm Password']]/parent::div/following-sibling::div/input",
		"EnabledStatus_RadioButton": "xpath->//label[text()[normalize-space()='Enabled']]",
		"DisabledStatus_RadioButton": "xpath->//label[text()[normalize-space()='Disabled']]",
		"Save_Button": "xpath->//button[ text()[normalize-space() = 'Save']]",
		"AddUserPopUP": "xpath->//p[text()='Successfully Saved']",
		"DeleteUserPopUP": "xpath->//p[text()='Successfully Deleted']"
	}
}